Agent,Service,Amount,Status,Paid At
PT001,cashout,5000.0,SUCCESS,2026-03-04 08:00:00
PT001,cashin,5050.0,SUCCESS,2026-03-04 08:02:00
PT001,cashout,5100.0,SUCCESS,2026-03-04 08:04:00
PT001,cashin,5151.0,SUCCESS,2026-03-04 08:06:00
PT001,cashout,5200.0,SUCCESS,2026-03-04 08:08:00
PT001,cashin,5252.0,SUCCESS,2026-03-04 08:10:00
PT001,cashout,5000.0,SUCCESS,2026-03-04 08:12:00
PT001,cashin,5050.0,SUCCESS,2026-03-04 08:14:00
PT001,cashout,5100.0,SUCCESS,2026-03-04 08:16:00
PT001,cashin,5151.0,SUCCESS,2026-03-04 08:18:00
PT001,cashout,5200.0,SUCCESS,2026-03-04 08:20:00
PT001,cashin,5252.0,SUCCESS,2026-03-04 08:22:00
PT001,cashout,5000.0,SUCCESS,2026-03-04 08:24:00
PT001,cashin,5050.0,SUCCESS,2026-03-04 08:26:00
PT001,cashout,5100.0,SUCCESS,2026-03-04 08:28:00
PT001,cashin,5151.0,SUCCESS,2026-03-04 08:30:00
PT001,cashout,5200.0,SUCCESS,2026-03-04 08:32:00
PT001,cashin,5252.0,SUCCESS,2026-03-04 08:34:00
PT001,cashout,5000.0,SUCCESS,2026-03-04 08:36:00
PT001,cashin,5050.0,SUCCESS,2026-03-04 08:38:00
PT001,cashout,5100.0,SUCCESS,2026-03-04 08:40:00
PT001,cashin,5151.0,SUCCESS,2026-03-04 08:42:00
PT001,cashout,5200.0,SUCCESS,2026-03-04 08:44:00
PT001,cashin,5252.0,SUCCESS,2026-03-04 08:46:00
PT001,cashout,5000.0,SUCCESS,2026-03-04 08:48:00
PT001,cashin,5050.0,SUCCESS,2026-03-04 08:50:00
PT001,cashout,5100.0,SUCCESS,2026-03-04 08:52:00
PT001,cashin,5151.0,SUCCESS,2026-03-04 08:54:00
PT001,cashout,5200.0,SUCCESS,2026-03-04 08:56:00
PT001,cashin,5252.0,SUCCESS,2026-03-04 08:58:00
PT001,cashout,5000.0,SUCCESS,2026-03-04 09:00:00
PT001,cashin,5050.0,SUCCESS,2026-03-04 09:02:00
PT001,cashout,5100.0,SUCCESS,2026-03-04 09:04:00
PT001,cashin,5151.0,SUCCESS,2026-03-04 09:06:00
PT001,cashout,5200.0,SUCCESS,2026-03-04 09:08:00
PT001,cashin,5252.0,SUCCESS,2026-03-04 09:10:00
PT002,cashout,4500.0,SUCCESS,2026-03-04 08:00:00
PT002,transfer,4455.0,SUCCESS,2026-03-04 08:01:00
PT002,cashout,4500.0,SUCCESS,2026-03-04 08:06:00
PT002,transfer,4455.0,SUCCESS,2026-03-04 08:07:00
PT002,cashout,4500.0,SUCCESS,2026-03-04 08:12:00
PT002,transfer,4455.0,SUCCESS,2026-03-04 08:13:00
PT002,cashout,4500.0,SUCCESS,2026-03-04 08:18:00
PT002,transfer,4455.0,SUCCESS,2026-03-04 08:19:00
PT002,cashout,4500.0,SUCCESS,2026-03-04 08:24:00
PT002,transfer,4455.0,SUCCESS,2026-03-04 08:25:00
PT002,cashout,4500.0,SUCCESS,2026-03-04 08:30:00
PT002,transfer,4455.0,SUCCESS,2026-03-04 08:31:00
PT002,cashout,4500.0,SUCCESS,2026-03-04 08:36:00
PT002,transfer,4455.0,SUCCESS,2026-03-04 08:37:00
PT002,cashout,4500.0,SUCCESS,2026-03-04 08:42:00
PT002,transfer,4455.0,SUCCESS,2026-03-04 08:43:00
PT002,cashout,4500.0,SUCCESS,2026-03-04 08:48:00
PT002,transfer,4455.0,SUCCESS,2026-03-04 08:49:00
PT002,cashout,4500.0,SUCCESS,2026-03-04 08:54:00
PT002,transfer,4455.0,SUCCESS,2026-03-04 08:55:00
PT002,cashout,4500.0,SUCCESS,2026-03-04 09:00:00
PT002,transfer,4455.0,SUCCESS,2026-03-04 09:01:00
PT002,cashout,4500.0,SUCCESS,2026-03-04 09:06:00
PT002,transfer,4455.0,SUCCESS,2026-03-04 09:07:00
PT002,cashout,4500.0,SUCCESS,2026-03-04 09:12:00
PT002,transfer,4455.0,SUCCESS,2026-03-04 09:13:00
PT002,cashout,4500.0,SUCCESS,2026-03-04 09:18:00
PT002,transfer,4455.0,SUCCESS,2026-03-04 09:19:00
